text,author
"How lovely is spring As we looked from Windsor Terrace on the sixteen fertile counties spread beneath, speckled by happy cottages and wealthier towns, all looked as in former years, heart cheering and fair.",1
"A youth passed in solitude, my best years spent under your gentle and feminine fosterage, has so refined the groundwork of my character that I cannot overcome an intense distaste to the usual brutality exercised on board ship: I have never believed it to be necessary, and when I heard of a mariner equally noted for his kindliness of heart and the respect and obedience paid to him by his crew, I felt myself peculiarly fortunate in being able to secure his services.",1
"I confess that neither the structure of languages, nor the code of governments, nor the politics of various states possessed attractions for me.",1
"He shall find that I can feel my injuries; he shall learn to dread my revenge"" A few days after he arrived.",1
"He had escaped me, and I must commence a destructive and almost endless journey across the mountainous ices of the ocean, amidst cold that few of the inhabitants could long endure and which I, the native of a genial and sunny climate, could not hope to survive.",1
"Her native sprightliness needed no undue excitement, and her placid heart reposed contented on my love, the well being of her children, and the beauty of surrounding nature.",1
"I was rich and young, and had a guardian appointed for me; and all about me would act as if I were one of their great society, while I must keep the secret that I really was cut off from them for ever.",1
"We could make out little by the dim light, but they seemed to contain prophecies, detailed relations of events but lately passed; names, now well known, but of modern date; and often exclamations of exultation or woe, of victory or defeat, were traced on their thin scant pages.",1
"His soul overflowed with ardent affections, and his friendship was of that devoted and wondrous nature that the world minded teach us to look for only in the imagination.",1
"The visits of Merrival to Windsor, before frequent, had suddenly ceased.",1
"I often compared myself to them, and finding that my chief superiority consisted in power, I soon persuaded myself that it was in power only that I was inferior to the chiefest potentates of the earth.",1
"It was useless to provide many things, for we should find abundant provision in every town.",1
"They fly quickly over the snow in their sledges; the motion is pleasant, and, in my opinion, far more agreeable than that of an English stagecoach.",1
"I pointed to the spot where he had disappeared, and we followed the track with boats; nets were cast, but in vain.",1
"Perpetual fear had jaundiced his complexion, and shrivelled his whole person.",1
The sun set; the atmosphere grew dim and the evening star no longer shone companionless.,1
"The rain ceased; the clouds sunk behind the horizon; it was now evening, and the sun descended swiftly the western sky.",1
"They were marched to various parts of the southern counties, quartered in deserted villages, a part were sent back to their own island, while the season of winter so far revived our energy, that the passes of the country were defended, and any increase of numbers prohibited.",1
"I dared, I conquered them all, till now I have sold myself to death, with the sole condition that thou shouldst follow me Fire, and war, and plague, unite for thy destruction O my Raymond, there is no safety for thee"" With an heavy heart I listened to the changes of her delirium; I made her a bed of cloaks; her violence decreased and a clammy dew stood on her brow as the paleness of death succeeded to the crimson of fever, I placed her on the cloaks.",1
The next morning I delivered my letters of introduction and paid a visit to some of the principal professors.,1
"Nor did Raymond make an end without drawing in vivid and glowing colours, the splendour of a kingdom, in opposition to the commercial spirit of republicanism.",1
"The stranger learned about twenty words at the first lesson; most of them, indeed, were those which I had before understood, but I profited by the others.",1
"Each people looked on the coming struggle as that which would be to a great degree decisive; as, in case of victory, the next step would be the siege of Constantinople by the Greeks.",1
"My lieutenant, for instance, is a man of wonderful courage and enterprise; he is madly desirous of glory, or rather, to word my phrase more characteristically, of advancement in his profession.",1
"To be near him, to be loved by him, to feel him again her own, was the limit of her desires.",1
"The sky was serene; and, as I was unable to rest, I resolved to visit the spot where my poor William had been murdered.",1
"All that he said threw greatly into the shade Cornelius Agrippa, Albertus Magnus, and Paracelsus, the lords of my imagination; but by some fatality the overthrow of these men disinclined me to pursue my accustomed studies.",1
"The ex queen gives me Idris; Adrian is totally unfitted to succeed to the earldom, and that earldom in my hands becomes a kingdom.",1
"Maternal affection had not rendered Idris selfish; at the beginning of our calamity she had, with thoughtless enthusiasm, devoted herself to the care of the sick and helpless.",1
"He came like a protecting spirit to the poor girl, who committed herself to his care; and after the interment of his friend he conducted her to Geneva and placed her under the protection of a relation.",1
"I had expected some extravagant proposition, and remained silent awhile, collecting my thoughts that I might the better combat her fanciful scheme.",1
"They still appeared in public together, and lived under the same roof.",1
"He began to answer with violence: ""Yes, yes, I hate you You are my bane, my poison, my disgust Oh No"" And then his manner changed, and fixing his eyes on me with an expression that convulsed every nerve and member of my frame ""you are none of all these; you are my light, my only one, my life.",1
"Besides, Perdita was with him in his retirement; she saw the moodiness that succeeded to this forced hilarity; she marked his disturbed sleep, his painful irritability once she had seen his tears hers had scarce ceased to flow, since she had beheld the big drops which disappointed pride had caused to gather in his eye, but which pride was unable to dispel.",1
"I packed up my chemical instruments and the materials I had collected, resolving to finish my labours in some obscure nook in the northern highlands of Scotland.",1
My skin was embrowned by the sun; my step was firm with conscious power.,1
"I started forward and exclaimed, ""Villain Before you sign my death warrant, be sure that you are yourself safe.""",1
"He determined to extract and condense all of glory, power, and achievement, which might have resulted from a long reign, into the three years of his Protectorate.",1
"They had received orders that if I were again taken, I should be brought to the Earl; and his lenity made them expect a conclusion which they considered ill befitting my crime.",1
"Six years had elapsed, passed in a dream but for one indelible trace, and I stood in the same place where I had last embraced my father before my departure for Ingolstadt.",1
"I had now spent many hours in tears and mournful meditation; it was past twelve o'clock; all was at peace in the house, and the gentle air that stole in at my window did not rustle the leaves of the twining plants that shadowed it.",1
"Look, I weep: for more than two years I have never enjoyed one moment free from anguish.",1
Justine was called on for her defence.,1
My words flowed spontaneously my utterance was firm and quick.,1
"He obeyed her injunctions, and passed a year in exile in Cumberland.",1
"He reverted to his past life, his successes in Greece, his favour at home.",1
"I look on the hands which executed the deed; I think on the heart in which the imagination of it was conceived and long for the moment when these hands will meet my eyes, when that imagination will haunt my thoughts no more.",1
Horrible sights were shaped to me in the turbid cloud that hovered over the city; and my only relief was derived from the struggles I made to approach the gate.,1
"I resolved to fly far from the scene of my misfortunes; but to me, hated and despised, every country must be equally horrible.",1
I will protect the first the latter I commit to your charge.,1
"Miserable himself that he may render no other wretched, he ought to die.",1
It is even possible that the train of my ideas would never have received the fatal impulse that led to my ruin.,1
"She often repined; but her trust in the singleness of his affection was undisturbed; and, when they were together, unchecked by fear, she opened her heart to the fullest delight.",1
"He was full of thought, and remained silent during a considerable part of our ride; at length he said, ""I must apologize to you for my abstraction; the truth is, Ryland's motion comes on to night, and I am considering my reply.""",1
"Raymond did not wonder, that, thus situated, the artist had shrunk from notice, but he did not for this alter his resolve.",1
"But while I endured punishment and pain in their defence with the spirit of an hero, I claimed as my reward their praise and obedience.",1
I must collect my thoughts.,1
"""Not so,"" said I, ""though I confess that my thoughts are not occupied as pleasantly as yours are.",1
"""Surely it is not the custom of Englishmen to receive strangers so inhospitably.""",1
"They remained confined for five months before the trial took place, the result of which deprived them of their fortune and condemned them to a perpetual exile from their native country.",1
"These are my enticements, and they are sufficient to conquer all fear of danger or death and to induce me to commence this laborious voyage with the joy a child feels when he embarks in a little boat, with his holiday mates, on an expedition of discovery up his native river.",1
"If manly courage and resistance can save us, we will be saved.",1
"The silver hair and benevolent countenance of the aged cottager won my reverence, while the gentle manners of the girl enticed my love.",1
I commenced by inuring my body to hardship.,1
"I travelled only at night, fearful of encountering the visage of a human being.",1
"Adrian had introduced systematic modes of proceeding in the metropolis, which, while they were unable to stop the progress of death, yet prevented other evils, vice and folly, from rendering the awful fate of the hour still more tremendous.",1
"The extreme darkness of the stage, whose only light was received from the fire under the cauldron, joined to a kind of mist that floated about it, rendered the unearthly shapes of the witches obscure and shadowy.",1
"For a long time I dared not hope; but when his unobstructed breathing and the moisture that suffused his forehead, were tokens no longer to be mistaken of the departure of mortal malady, I ventured to whisper the news of the change to Idris, and at length succeeded in persuading her that I spoke truth.",1
"My first thought was Perdita; to her I must return; her I must support, drawing such food from despair as might best sustain her wounded heart; recalling her from the wild excesses of grief, by the austere laws of duty, and the soft tenderness of regret.",1
"He owned affinity not only with mankind, but all nature was akin to him; the mountains and sky were his friends; the winds of heaven and the offspring of earth his playmates; while he the focus only of this mighty mirror, felt his life mingle with the universe of existence.",1
"Alfred stood immoveable before him, his whole attention absorbed.",1
"Leave me; I am inexorable.""",1
I listened to my father in silence and remained for some time incapable of offering any reply.,1
"You hate me, but your abhorrence cannot equal that with which I regard myself.",1
"He made a vow against love and its train of struggles, disappointment and remorse, and sought in mere sensual enjoyment, a remedy for the injurious inroads of passion.",1
"I provided myself with a sum of money, together with a few jewels which had belonged to my mother, and departed.",1
"I rushed towards the window, and drawing a pistol from my bosom, fired; but he eluded me, leaped from his station, and running with the swiftness of lightning, plunged into the lake.",1
"She might have heard of my return from London, and my visit to Bolter's Lock, which, connected with my continued absence, might tend greatly to alarm her.",1
"This man, whose name was Beaufort, was of a proud and unbending disposition and could not bear to live in poverty and oblivion in the same country where he had formerly been distinguished for his rank and magnificence.",1
"We found, on each side of the humid pathway, ""dry land for the sole of the foot.""",1
"I dare not ask you to do what I think right, for I may still be misled by passion.",1
"Since then I must be an object of indifference or contempt to her, better, far better avoid her, nor expose myself before her and the scornful world to the chance of playing the mad game of a fond, foolish Icarus.",1
I shewed her the dangers which her children incurred during her absence; and she at length agreed not to go beyond the inclosure of the forest.,1
"The remains of the half finished creature, whom I had destroyed, lay scattered on the floor, and I almost felt as if I had mangled the living flesh of a human being.",1
Then again the kindly influence ceased to act I found myself fettered again to grief and indulging in all the misery of reflection.,1
"His feelings are forever on the stretch; and when he begins to sink into repose, he finds himself obliged to quit that on which he rests in pleasure for something new, which again engages his attention, and which also he forsakes for other novelties.",1
"""The father of Safie had been the cause of their ruin.",1
"""My children,"" she said, ""my firmest hopes of future happiness were placed on the prospect of your union.",1
"I will win him to me; he shall not deny his grief to me and when I know his secret then will I pour a balm into his soul and again I shall enjoy the ravishing delight of beholding his smile, and of again seeing his eyes beam if not with pleasure at least with gentle love and thankfulness.",1
I soon arrived at the hut: the door was ajar.,1
For a moment I was almost paralized by fear; but my energy returned and I demanded a guide to accompany me in following his steps.,1
I could with pleasure have destroyed the cottage and its inhabitants and have glutted myself with their shrieks and misery.,1
I remembered in one of her harshest moments a quotation of mine had roused her to anger and disdain.,1
"About two hours after this occurrence we heard the ground sea, and before night the ice broke and freed our ship.",1
"Disappointment and sickness have hitherto held dominion over me; twin born with me, my would, was for ever enchained by the shall not, of these my tyrants.",1
Adrian led the troops.,1
"why string my nerves and renew my wearied efforts ah, why?",1
"I do not weep or sigh; but I must reason with myself, and force myself to feel sorrow and despair.",1
"He found my name a good passport to preferment, and he had procured for me the situation of private secretary to the Ambassador at Vienna, where I should enter on my career under the best auspices.",1
"But on you only had I any claim for pity and redress, and from you I determined to seek that justice which I vainly attempted to gain from any other being that wore the human form.",1
"I strove to think that all this grandeur was but more glaring infamy, and that, by planting his gold enwoven flag beside my tarnished and tattered banner, he proclaimed not his superiority, but his debasement.",1
I will not dwell longer than I need on these disastrous circumstances.,1
I heard the next morning from the steward that upon his arrival he had been in a most terrible state of mind: he had passed the first night in the garden lying on the damp grass; he did not sleep but groaned perpetually.,1
"Everything is related in them which bears reference to my accursed origin; the whole detail of that series of disgusting circumstances which produced it is set in view; the minutest description of my odious and loathsome person is given, in language which painted your own horrors and rendered mine indelible.",1
I gave him pretty nearly the same account of my former pursuits as I had given to his fellow professor.,1
"As the music went on, my ideas seemed to quit their mortal dwelling house; they shook their pinions and began a flight, sailing on the placid current of thought, filling the creation with new glory, and rousing sublime imagery that else had slept voiceless.",1
"I waited for my letters with feverish impatience; if they were delayed I was miserable and overcome by a thousand fears; and when they arrived and I saw the superscription of Elizabeth or my father, I hardly dared to read and ascertain my fate.",1
"One fine February day, when the sun had reassumed some of its genial power, I walked in the forest with my family.",1
At this time Lord Raymond returned from Greece.,1
"Bread and water did not tame my blood, nor solitary confinement inspire me with gentle thoughts.",1
"I carried pistols and a dagger constantly about me and was ever on the watch to prevent artifice, and by these means gained a greater degree of tranquillity.",1
The gentle words of Agatha and the animated smiles of the charming Arabian were not for me.,1
Alas Life is obstinate and clings closest where it is most hated.,1
I was struck by the improvement that appeared in the health of Adrian.,1
"""Are you better now, sir?"" said she.",1
Another woman confirmed the account of the fishermen having brought the body into her house; it was not cold.,1
"His appearance, different from any I had ever before seen, and his flight somewhat surprised me.",1
"I am thy creature, and I will be even mild and docile to my natural lord and king if thou wilt also perform thy part, the which thou owest me.",1
"Nor did I doubt, that in the tranquillity of our family circle at Windsor, she would recover some degree of composure, and in the end, of happiness.",1
"No man could crush a ""butterfly on the wheel"" with better effect; no man better cover a speedy retreat from a powerful adversary.",1
"Their still apparent union permitted her to do much; but no woman could, in the end, present a remedy to the encreasing negligence of the Protector; who, as if seized with a paroxysm of insanity, trampled on all ceremony, all order, all duty, and gave himself up to license.",1
The rooks cawed loudly in the trees above; mixed with their hoarse cries I heard a lively strain of music.,1
No sympathy may I ever find.,1
"I suppose some astonishment was exhibited in my countenance, for Mr. Kirwin hastened to say, ""Immediately upon your being taken ill, all the papers that were on your person were brought me, and I examined them that I might discover some trace by which I could send to your relations an account of your misfortune and illness.",1
"As soon as morning dawned I crept from my kennel, that I might view the adjacent cottage and discover if I could remain in the habitation I had found.",1
You will rejoice to hear that no disaster has accompanied the commencement of an enterprise which you have regarded with such evil forebodings,1
"Posterity is no more; fame, and ambition, and love, are words void of meaning; even as the cattle that grazes in the field, do thou, O deserted one, lie down at evening tide, unknowing of the past, careless of the future, for from such fond ignorance alone canst thou hope for ease Joy paints with its own colours every act and thought.",1
I turned author myself.,1
"Then, in endeavouring to do violence to my own disposition, I made all worse than before.",1
His graceful elocution enchained the senses of his hearers.,1
But a glance will show the fallacy of this idea.,0
"To these speeches they gave, of course, their own interpretation; fancying, no doubt, that at all events I should come into possession of vast quantities of ready money; and provided I paid them all I owed, and a trifle more, in consideration of their services, I dare say they cared very little what became of either my soul or my carcass.",0
"I even went so far as to speak of a slightly hectic cough with which, at one time, I had been troubled of a chronic rheumatism of a twinge of hereditary gout and, in conclusion, of the disagreeable and inconvenient, but hitherto carefully concealed, weakness of my eyes.",0
"Now the net work was not permanently fastened to the hoop, but attached by a series of running loops or nooses.",0
"On every hand was a wilderness of balconies, of verandas, of minarets, of shrines, and fantastically carved oriels.",0
"With how deep a spirit of wonder and perplexity was I wont to regard him from our remote pew in the gallery, as, with step solemn and slow, he ascended the pulpit This reverend man, with countenance so demurely benign, with robes so glossy and so clerically flowing, with wig so minutely powdered, so rigid and so vast, could this be he who, of late, with sour visage, and in snuffy habiliments, administered, ferule in hand, the Draconian laws of the academy?",0
These bizarre attempts at explanation were followed by others equally bizarre.,0
"For many prodigies and signs had taken place, and far and wide, over sea and land, the black wings of the Pestilence were spread abroad.",0
"All that as yet can fairly be said to be known is, that 'Pure gold can be made at will, and very readily from lead in connection with certain other substances, in kind and in proportions, unknown.' Speculation, of course, is busy as to the immediate and ultimate results of this discovery a discovery which few thinking persons will hesitate in referring to an increased interest in the matter of gold generally, by the late developments in California; and this reflection brings us inevitably to another the exceeding inopportuneness of Von Kempelen's analysis.",0
"I seemed to be upon the verge of comprehension without power to comprehend men, at times, find themselves upon the brink of remembrance without being able, in the end, to remember.",0
Meantime the whole Paradise of Arnheim bursts upon the view.,0
"""The present peculiar condition of affairs at court, and especially of those intrigues in which D is known to be involved, would render the instant availability of the document its susceptibility of being produced at a moment's notice a point of nearly equal importance with its possession.""",0
"It is not to be supposed, however, that the great Underduk suffered this impertinence on the part of the little old man to pass off with impunity.",0
I need not tell you how sceptical I have hitherto been on the topic of the soul's immortality.,0
"Presently the murmur of water fell gently upon my ear and in a few moments afterward, as I turned with the road somewhat more abruptly than hitherto, I became aware that a building of some kind lay at the foot of a gentle declivity just before me.",0
Ellison was remarkable in the continuous profusion of good gifts lavished upon him by fortune.,0
"I still continued in the plane of the elipse, but made little progress to the eastward.",0
"Mein Gott do you take me vor a shicken?"" ""No oh no"" I replied, much alarmed, ""you are no chicken certainly not.""",0
"The state rooms were sufficiently roomy, and each had two berths, one above the other.",0
"We suffered no little from cold, and the dampness of the atmosphere was most unpleasant; but the ample space in the car enabled us to lie down, and by means of cloaks and a few blankets, we did sufficiently well.",0
"This gentleman was clothed from head to foot in a richly embroidered black silk velvet pall, wrapped negligently around his form after the fashion of a Spanish cloak.",0
"The pigeons appeared distressed in the extreme, and struggled to escape; while the cat mewed piteously, and, with her tongue hanging out of her mouth, staggered to and fro in the car as if under the influence of poison.",0
I panted I gasped for breath There could be no doubt of the design of my tormentors oh most unrelenting oh most demoniac of men I shrank from the glowing metal to the centre of the cell.,0
"With great difficulty I gained my feet, and looking dizzily around, was, at first, struck with the idea of our being among breakers; so terrific, beyond the wildest imagination, was the whirlpool of mountainous and foaming ocean within which we were engulfed.",0
"How this celebrated Magazine can sustain its evidently tremendous expenses, is more than we can understand.",0
"""But could not the cavity be detected by sounding?""",0
The lips were of the usual marble pallor.,0
"""That is absolutely needless,"" replied G .",0
"I say ""thing"" be it observed for they tell me the Latin for it is rem.",0
"The pupils, too, upon any accession or diminution of light, underwent contraction or dilation, just such as is observed in the feline tribe.",0
"""Keep up the largest branch the one on this side,"" said Legrand.",0
"And quivering awhile among the draperies of the room, it at length rested in full view upon the surface of the door of brass.",0
"Matters had now assumed a really serious aspect, and I resolved to call at once upon my particular friend, Mr. Theodore Sinivate; for I knew that here at least I should get something like definite information.",0
"The system had its disadvantages, and even its dangers.",0
"""But, my dear fellow, you are joking then,"" said I, ""this is a very passable skull indeed, I may say that it is a very excellent skull, according to the vulgar notions about such specimens of physiology and your scarabæus must be the queerest scarabæus in the world if it resembles it.",0
The ideas of my friend may be summed up in a few words.,0
I believe I shall be forced to call them both out.,0
"Yet all these appearances have been given I beg pardon will be given by the learned of future ages, to the Ashimah of the Syrians.",0
"""I believe, sir, you have forgotten to pay for your brandy and water.""",0
There was no advertisement of the picking up of this boat.,0
"""But that Kidd's accumulations were immense, is well known.",0
"And from their high summits, one by one, drop everlasting dews.",0
"It is indeed demonstrable that every such impulse given the air, must, in the end, impress every individual thing that exists within the universe; and the being of infinite understanding the being whom we have imagined might trace the remote undulations of the impulse trace them upward and onward in their influences upon all particles of an matter upward and onward for ever in their modifications of old forms or, in other words, in their creation of new until he found them reflected unimpressive at last back from the throne of the Godhead.",0
"It will be remembered, that, in the earliest stage of my speculations upon the possibility of a passage to the moon, the existence, in its vicinity, of an atmosphere, dense in proportion to the bulk of the planet, had entered largely into my calculations; this too in spite of many theories to the contrary, and, it may be added, in spite of a general disbelief in the existence of any lunar atmosphere at all.",0
"A bear once, attempting to swim from Lofoden to Moskoe, was caught by the stream and borne down, while he roared terribly, so as to be heard on shore.",0
"Murderers, casting it in, would not have failed to attach a weight.",0
"""Pierre Moreau, tobacconist, deposes that he has been in the habit of selling small quantities of tobacco and snuff to Madame L'Espanaye for nearly four years.",0
I still quickened my pace.,0
"It was in the spirit of this wisdom that, among the ancient Hebrews, it was believed the gates of Heaven would be inevitably opened to that sinner, or saint, who, with good lungs and implicit confidence, should vociferate the word ""Amen"" It was in the spirit of this wisdom that, when a great plague raged at Athens, and every means had been in vain attempted for its removal, Epimenides, as Laertius relates, in his second book, of that philosopher, advised the erection of a shrine and temple ""to the proper God."" LYTTLETON BARRY.",0
"I feel confident he never would have dreamed of taking up his residence in Alexander the Great o nopolis had he been aware that, in Alexander the Great o nopolis, there lived a gentleman named John Smith if I rightly remember, who for many years had there quietly grown fat in editing and publishing the 'Alexander the Great o nopolis Gazette.'",0
The longer I meditated upon these the more intense grew the interest which had been excited within me.,0
"To add to our dilemma, we found the pumps choked and nearly useless.",0
By these means for they were ignorant men I found little difficulty in gaining them over to my purpose.,0
"For three months a night has not passed, during the greater part of which I have not been engaged, personally, in ransacking the D Hotel.",0
"Never imposing upon any one myself, I suffered no one to play the possum with me.",0
"His supposition was that ""a well taught boy very thin and tall of his age sufficiently so that he could be concealed in a drawer almost immediately under the chess board"" played the game of chess and effected all the evolutions of the Automaton.",0
"Interspersed about the room, crossing and recrossing in endless irregularity, were innumerable benches and desks, black, ancient, and time worn, piled desperately with much bethumbed books, and so beseamed with initial letters, names at full length, grotesque figures, and other multiplied efforts of the knife, as to have entirely lost what little of original form might have been their portion in days long departed.",0
But these absurdities I must not pause to detail.,0
"Scarcely had we recovered our senses, before the foretopsail went into shreds, when we got up a storm stay sail and with this did pretty well for some hours, the ship heading the sea much more steadily than before.",0
The lower portion of the other is hidden from view by the head of the unwieldy bedstead which is thrust close up against it.,0
"""At a quarter past eight, being no longer able to draw breath without the most intolerable pain, I proceeded forthwith to adjust around the car the apparatus belonging to the condenser.",0
"""Ha ha ha"" said that gentleman ""he he he hi hi hi ho ho ho hu hu hu hu very good indeed You must not be astonished, mon ami; our friend here is a wit a drole you must not understand him to the letter.""",0
"It is true that I may not find an opportunity of transmitting it to the world, but I will not fall to make the endeavour.",0
"I repeat that in landscape arrangements, or collocations alone, is the physical Nature susceptible of ""exaltation"" and that, therefore, her susceptibility of improvement at this one point, was a mystery which, hitherto I had been unable to solve.",0
"In the meantime it was folly to grieve, or to think.",0
"Perhaps the gradation of his copy rendered it not so readily perceptible; or, more possibly, I owed my security to the master air of the copyist, who, disdaining the letter, which in a painting is all the obtuse can see, gave but the full spirit of his original for my individual contemplation and chagrin.",0
The prince had provided all the appliances of pleasure.,0
"He comprehended, moreover, the true character, the august aims, the supreme majesty and dignity of the poetic sentiment.",0
Else there is no immortality for man.,0
"I laid the second tier, and the third, and the fourth; and then I heard the furious vibrations of the chain.",0
I longed for the love which had before filled it to overflowing.,0
"The rigging was found to be ill fitted, and greatly strained; and on the third day of the blow, about five in the afternoon, our mizzen mast, in a heavy lurch to windward, went by the board.",0
"A closer scrutiny, however, satisfied me that it was intended for a kid."" ""Ha ha"" said I, ""to be sure I have no right to laugh at you a million and a half of money is too serious a matter for mirth but you are not about to establish a third link in your chain you will not find any especial connexion between your pirates and a goat pirates, you know, have nothing to do with goats; they appertain to the farming interest.""",0
"It is no cause for wonder, surely, that even a gang of blackguards should make haste to get home, when a wide river is to be crossed in small boats, when storm impends, and when night approaches.",0
"The connexion of the two events had about it so much of the palpable, that the true wonder would have been a failure of the populace to appreciate and to seize it.",0
"I assured my patron that, if this was all, I was perfectly resigned to the task of playing Thomas Hawk.",0
"A large bruise was discovered upon the pit of the stomach, produced, apparently, by the pressure of a knee.",0
"Mem he'll answer, too.",0
"Let a composition be defective, let an emendation be wrought in its mere arrangement of form; let this emendation be submitted to every artist in the world; by each will its necessity be admitted.",0
"The hangman, however, adjusted the noose about my neck.",0
"The boat, however, must not be detained.",0
"We started about four o'clock Legrand, Jupiter, the dog, and myself.",0
"In this particular instance, it will be understood as most probable, that she proceeded upon a route of more than average diversity from her accustomed ones.",0
"Having noticed these particulars, and some others, I again turned my eyes upon the glorious prospect below, and soon became absorbed in contemplation.",0
Many of the vessels fired signal guns; and in all we were saluted with loud cheers which we heard with surprising distinctness and the waving of caps and handkerchiefs.,0
The party spread themselves and hurried from room to room.,0
"The latter examined it carefully and deposited it in his pocket book; then, unlocking an escritoire, took thence a letter and gave it to the Prefect.",0
"Xh, pxh, pxh, Jxhn, dxn't dx sx Yxu've gxt tx gx, yxu knxw, sx gx at xnce, and dxn't gx slxw; fxr nxbxdy xwns yxu here, yxu knxw.",0
You would have sworn that the writer had been born and brought up in a coffin.,0
"""There are a prodigious number of stately palaces.""",0
"""Then up with you as soon as possible, for it will soon be too dark to see what we are about.""",0
The entire surface of this metallic enclosure was rudely daubed in all the hideous and repulsive devices to which the charnel superstition of the monks has given rise.,0
"""Mille tonnerres"" ejaculated the Prince de Grenouille.",0
"As the sailor looked in, the gigantic animal had seized Madame L'Espanaye by the hair, which was loose, as she had been combing it, and was flourishing the razor about her face, in imitation of the motions of a barber.",0
The matter was impossible.,0
"""No"" said the Baron, turning abruptly toward the speaker, ""dead say you?"" ""It is indeed true, my lord; and, to a noble of your name, will be, I imagine, no unwelcome intelligence.""",0
"At length, one escaping through a sewer, gave freedom to all the rest.",0
I mean the line Perdidit antiquum litera sonum.,0
In establishing 'The Tea Pot' he expected to have the field all to himself.,0
They would have left nothing behind them; for their number would have enabled them to carry all at once.,0
"Time, place, and circumstances rendered it a matter beyond question.",0
"They made the special effects, indeed, wrought in the fluid by special impulses, the subject of exact calculation so that it became easy to determine in what precise period an impulse of given extent would engirdle the orb, and impress for ever every atom of the atmosphere circumambient.",0
"""O yes; and for this reason I did not despair.",0
You must be careful and give the thing with a downright improviso air.,0
There was Ferdinand Fitz Fossillus Feltspar.,0
"At the termination of this sentence I started, and for a moment, paused; for it appeared to me although I at once concluded that my excited fancy had deceived me it appeared to me that, from some very remote portion of the mansion, there came, indistinctly, to my ears, what might have been, in its exact similarity of character, the echo but a stifled and dull one certainly of the very cracking and ripping sound which Sir Launcelot had so particularly described.",0
"From indications afforded by the barometer, we find that, in ascensions from the surface of the earth we have, at the height of , feet, left below us about one thirtieth of the entire mass of atmospheric air, that at , we have ascended through nearly one third; and that at ,, which is not far from the elevation of Cotopaxi, we have surmounted one half the material, or, at all events, one half the ponderable, body of air incumbent upon our globe.",0
I breathed no longer.,0
existing about the moon.,0
she of the diminutive head and the gilded hair?,0
"""Its adaptation to the eyes which were to behold it upon earth.""",0
There had been nothing like order or arrangement.,0
"Accordingly, I was no sooner seated at the card table, with my pretty hostess for a vis à vis, than I propounded those questions the solution of which had become a matter so essential to my peace.",0
The company followed our example without stint.,0
"I will not pursue these guesses for I have no right to call them more since the shades of reflection upon which they are based are scarcely of sufficient depth to be appreciable by my own intellect, and since I could not pretend to make them intelligible to the understanding of another.",0
The daughter lay prostrate and motionless; she had swooned.,0
"Whenever it fell upon me, my blood ran cold; and so by degrees very gradually I made up my mind to take the life of the old man, and thus rid myself of the eye forever.",0
"Upon this occasion we should have been driven out to sea in spite of everything, for the whirlpools threw us round and round so violently, that, at length, we fouled our anchor and dragged it if it had not been that we drifted into one of the innumerable cross currents here to day and gone to morrow which drove us under the lee of Flimen, where, by good luck, we brought up.",0
The perfume in my nostrils died away.,0
"Yet she smiled on and still on, uncomplainingly, because she saw that the painter who had high renown took a fervid and burning pleasure in his task, and wrought day and night to depict her who so loved him, yet who grew daily more dispirited and weak.",0
"This process, however, afforded me no means of ascertaining the dimensions of my dungeon; as I might make its circuit, and return to the point whence I set out, without being aware of the fact; so perfectly uniform seemed the wall.",0
"The astronomer, perhaps, at this point, took refuge in the suggestion of non luminosity; and here analogy was suddenly let fall.",0
The surcingle hung in ribands from my body.,0
"I knew that you could not say to yourself 'stereotomy' without being brought to think of atomies, and thus of the theories of Epicurus; and since, when we discussed this subject not very long ago, I mentioned to you how singularly, yet with how little notice, the vague guesses of that noble Greek had met with confirmation in the late nebular cosmogony, I felt that you could not avoid casting your eyes upward to the great nebula in Orion, and I certainly expected that you would do so.",0
"Here we barricaded ourselves, and, for the present were secure.",0
"""C'est à vous à faire,"" said his Majesty, cutting.",0
"Afterwards, succession runs thus: a o i d h n r s t u y c f g l m w b k p q x z.",0
"But in this existence, I dreamed that I should be at once cognizant of all things, and thus at once be happy in being cognizant of all.",0
"The inhabitants of our side of the moon have, evidently, no darkness at all, so there can be nothing of the ""extremes"" mentioned.",0
In the manner of my friend I was at once struck with an incoherence an inconsistency; and I soon found this to arise from a series of feeble and futile struggles to overcome an habitual trepidancy an excessive nervous agitation.,0
